<?xml version="1.0" encoding="UTF-8"?>
<project-private xmlns="http://www.netbeans.org/ns/project-private/1">
    <editor-bookmarks xmlns="http://www.netbeans.org/ns/editor-bookmarks/2" lastBookmarkId="0"/>
    <open-files xmlns="http://www.netbeans.org/ns/projectui-open-files/2">
        <group>
            <file>file:/C:/Users/Jonathan/Desktop/La%20mija/Restaurante/src/Modelo/login.java</file>
            <file>file:/C:/Users/Jonathan/Desktop/La%20mija/Restaurante/src/Modelo/Conexion.java</file>
            <file>file:/C:/Users/Jonathan/Desktop/La%20mija/Restaurante/src/Vista/FrmLogin.java</file>
            <file>file:/C:/Users/Jonathan/Desktop/La%20mija/Restaurante/src/Modelo/Config.java</file>
        </group>
    </open-files>
</project-private>
